customer_id,name,email,region,join_date,customer_type
C0001,James Sharma,aisha.sharma19@yahoo.com,East,2025-06-10,Returning
C0002,Amara Brown,rahul.johnson36@gmail.com,East,2023-11-14,Returning
C0003,Liam Khan,priya.patel76@yahoo.com,Central,2025-02-02,Returning
C0004,James Lee,james.williams55@hotmail.com,Central,2023-12-14,Returning
C0005,Priya Okonkwo,,West,2023-08-15,New
C0006,Omar Johnson,chen.wang83@hotmail.com,South,2023-12-08,Returning
C0007,Aisha Patel,sofia.garcia41@hotmail.com,West,2025-03-08,Returning
C0008,Sofia Brown,liam.brown39@hotmail.com,Central,2023-06-22,Returning
C0009,Nadia Singh,amara.nkosi69@hotmail.com,West,2023-03-20,New
C0010,Aisha Lee,noah.davis29@outlook.com,East,2024-06-06,Returning
C0011,Sofia Lee,zara.ali19@hotmail.com,East,2024-10-10,Returning
C0012,Omar Brown,arjun.gupta72@hotmail.com,Central,2023-04-27,Returning
C0013,Mei Okonkwo,emma.martinez72@yahoo.com,Central,2024-06-27,New
C0014,Amara Sharma,omar.hassan33@yahoo.com,West,2024-06-06,New
C0015,Chen Hassan,mei.zhang11@hotmail.com,West,2023-07-18,Returning
C0016,Zara Nkosi,carlos.lopez12@yahoo.com,East,2025-03-05,Returning
C0017,Fatima Garcia,nadia.cohen49@gmail.com,South,2023-12-24,New
C0018,Zara Williams,ethan.lee25@yahoo.com,South,2023-12-26,New
C0019,Priya Martinez,layla.okonkwo43@outlook.com,Central,2025-01-14,New
C0020,James Gupta,vikram.singh2@yahoo.com,West,2025-04-18,Returning
C0021,Arjun Singh,aisha.sharma95@gmail.com,South,2024-10-22,New
C0022,Amara Johnson,rahul.johnson97@hotmail.com,West,2025-04-14,New
C0023,Mei Lee,priya.patel90@yahoo.com,North,2023-06-01,New
C0024,James Martinez,james.williams31@outlook.com,East,2023-08-30,New
C0025,Priya Lee,fatima.khan49@hotmail.com,West,2023-04-16,Returning
C0026,Noah Singh,chen.wang46@outlook.com,West,2023-05-30,Returning
C0027,Arjun Okonkwo,sofia.garcia66@hotmail.com,West,2023-09-20,Returning
C0028,Sofia Patel,liam.brown93@hotmail.com,South,2023-07-22,New
C0029,Rahul Brown,amara.nkosi41@yahoo.com,West,2023-06-27,New
C0030,Noah Patel,noah.davis53@gmail.com,North,2024-09-08,Returning
C0031,Liam Williams,zara.ali29@yahoo.com,South,2023-06-06,Returning
C0032,Emma Nkosi,,Central,2025-02-17,Returning
C0033,Mei Gupta,emma.martinez75@hotmail.com,Central,2025-02-16,Returning
C0034,Chen Gupta,omar.hassan26@outlook.com,East,2024-11-02,New
C0035,Arjun Garcia,mei.zhang73@yahoo.com,North,2023-03-19,New
C0036,Amara Patel,carlos.lopez84@outlook.com,West,2023-07-01,Returning
C0037,Vikram Wang,nadia.cohen63@hotmail.com,North,2025-03-02,Returning
C0038,Ethan Brown,ethan.lee94@outlook.com,Central,2024-10-05,Returning
C0039,Chen Zhang,layla.okonkwo93@hotmail.com,West,2024-05-20,Returning
C0040,Emma Nkosi,vikram.singh70@gmail.com,North,2024-04-20,New
C0041,Ethan Brown,aisha.sharma10@gmail.com,South,2025-02-11,New
C0042,Zara Johnson,rahul.johnson53@yahoo.com,West,2024-07-31,New
C0043,Liam Johnson,priya.patel30@gmail.com,South,2025-02-17,New
C0044,Zara Martinez,james.williams2@yahoo.com,North,2024-08-16,Returning
C0045,Amara Patel,fatima.khan48@gmail.com,West,2024-04-04,Returning
C0046,Sofia Okonkwo,chen.wang86@hotmail.com,East,2024-11-28,New
C0047,Zara Garcia,sofia.garcia3@gmail.com,East,2025-06-22,Returning
C0048,Carlos Martinez,liam.brown53@gmail.com,Central,2024-08-01,Returning
C0049,Mei Khan,,West,2024-10-20,Returning
C0050,Amara Khan,noah.davis69@outlook.com,North,2024-10-12,New
C0051,Liam Lee,,East,2024-10-01,Returning
C0052,Ethan Nkosi,arjun.gupta87@hotmail.com,Central,2023-11-27,Returning
C0053,Layla Hassan,emma.martinez23@gmail.com,West,2025-06-03,New
C0054,Layla Martinez,omar.hassan68@yahoo.com,East,2024-10-04,New
C0055,Arjun Brown,mei.zhang80@outlook.com,West,2023-11-20,New
C0056,Fatima Cohen,carlos.lopez35@hotmail.com,Central,2023-06-04,New
C0057,Carlos Patel,nadia.cohen52@hotmail.com,North,2024-03-26,Returning
C0058,Rahul Williams,ethan.lee90@yahoo.com,Central,2023-03-11,New
C0059,Fatima Wang,layla.okonkwo11@gmail.com,North,2024-04-25,Returning
C0060,Omar Singh,vikram.singh49@hotmail.com,South,2024-03-28,New
C0061,Priya Martinez,aisha.sharma8@gmail.com,East,2024-10-08,Returning
C0062,Emma Singh,rahul.johnson11@hotmail.com,South,2023-11-07,Returning
C0063,Mei Cohen,priya.patel83@outlook.com,North,2025-03-26,New
C0064,Amara Lee,james.williams13@gmail.com,West,2023-10-09,Returning
C0065,Aisha Williams,fatima.khan89@hotmail.com,North,2024-08-28,Returning
C0066,Ethan Nkosi,chen.wang10@outlook.com,North,2023-02-27,New
C0067,Zara Williams,sofia.garcia73@gmail.com,West,2023-12-27,New
C0068,Noah Hassan,liam.brown41@gmail.com,South,2024-06-03,Returning
C0069,Chen Zhang,amara.nkosi76@yahoo.com,East,2023-03-17,New
C0070,Aisha Nkosi,noah.davis92@hotmail.com,North,2023-11-14,New
C0071,Nadia Wang,zara.ali39@yahoo.com,North,2024-04-17,New
C0072,Nadia Williams,arjun.gupta73@hotmail.com,East,2024-04-07,New
C0073,Noah Cohen,emma.martinez70@outlook.com,North,2023-02-08,New
C0074,Vikram Garcia,omar.hassan95@yahoo.com,East,2023-02-28,Returning
C0075,Fatima Gupta,mei.zhang89@gmail.com,East,2024-01-13,New
C0076,Chen Lee,carlos.lopez45@gmail.com,East,2025-05-01,Returning
C0077,Nadia Sharma,nadia.cohen30@gmail.com,West,2023-10-21,Returning
C0078,Vikram Ali,ethan.lee99@hotmail.com,South,2023-03-20,Returning
C0079,Carlos Sharma,layla.okonkwo42@gmail.com,South,2024-10-22,New
C0080,James Gupta,vikram.singh58@hotmail.com,Central,2025-06-03,New
C0081,Noah Brown,aisha.sharma71@hotmail.com,West,2025-05-25,New
C0082,Rahul Brown,rahul.johnson88@hotmail.com,Central,2023-04-03,Returning
C0083,Layla Patel,priya.patel80@outlook.com,South,2024-09-21,Returning
C0084,Priya Lopez,james.williams92@gmail.com,South,2024-08-31,Returning
C0085,Priya Lee,fatima.khan20@hotmail.com,South,2024-06-03,Returning
C0086,Fatima Khan,chen.wang82@yahoo.com,North,2024-01-29,Returning
C0087,Carlos Lee,sofia.garcia41@outlook.com,Central,2024-04-18,New
C0088,Chen Nkosi,liam.brown1@outlook.com,West,2024-08-17,New
C0089,Nadia Singh,amara.nkosi98@outlook.com,Central,2024-07-21,Returning
C0090,Omar Garcia,noah.davis12@yahoo.com,South,2025-03-21,New
C0091,Ethan Garcia,zara.ali72@hotmail.com,West,2025-01-26,Returning
C0092,Noah Martinez,arjun.gupta12@outlook.com,Central,2023-02-12,Returning
C0093,Arjun Zhang,emma.martinez77@outlook.com,South,2024-04-05,Returning
C0094,Nadia Zhang,omar.hassan2@outlook.com,South,2025-04-09,New
C0095,James Brown,mei.zhang11@yahoo.com,West,2024-08-08,New
C0096,Liam Patel,carlos.lopez22@hotmail.com,East,2024-10-29,New
C0097,Zara Sharma,nadia.cohen35@outlook.com,West,2023-07-12,Returning
C0098,Layla Lee,ethan.lee19@gmail.com,East,2023-11-26,New
C0099,Liam Okonkwo,layla.okonkwo36@hotmail.com,North,2024-09-11,New
C0100,Liam Sharma,vikram.singh10@outlook.com,West,2024-05-02,New
C0101,Priya Johnson,aisha.sharma32@hotmail.com,East,2024-05-28,Returning
C0102,Liam Patel,rahul.johnson26@hotmail.com,Central,2023-06-04,New
C0103,Rahul Ali,priya.patel39@gmail.com,South,2023-03-05,New
C0104,Priya Cohen,james.williams43@hotmail.com,North,2024-04-06,Returning
C0105,Liam Nkosi,fatima.khan43@hotmail.com,West,2023-04-16,New
C0106,Carlos Garcia,chen.wang84@yahoo.com,East,2025-04-10,Returning
C0107,Ethan Khan,sofia.garcia78@yahoo.com,Central,2025-05-07,Returning
C0108,Layla Okonkwo,liam.brown23@hotmail.com,East,2023-12-18,New
C0109,Carlos Brown,amara.nkosi38@hotmail.com,West,2025-01-01,Returning
C0110,Carlos Hassan,noah.davis32@outlook.com,East,2023-03-28,New
C0111,Sofia Williams,zara.ali51@outlook.com,West,2024-05-31,Returning
C0112,James Hassan,arjun.gupta73@yahoo.com,East,2024-10-23,New
C0113,Arjun Hassan,emma.martinez70@yahoo.com,South,2023-06-26,Returning
C0114,Omar Zhang,omar.hassan71@gmail.com,West,2023-02-10,New
C0115,Rahul Williams,mei.zhang60@yahoo.com,West,2023-09-11,New
C0116,Rahul Martinez,carlos.lopez38@gmail.com,North,2024-12-25,New
C0117,Zara Williams,nadia.cohen53@hotmail.com,South,2024-03-24,New
C0118,Liam Garcia,ethan.lee39@yahoo.com,West,2024-03-25,Returning
C0119,Sofia Lee,layla.okonkwo20@hotmail.com,Central,2024-06-20,New
C0120,Mei Khan,vikram.singh10@hotmail.com,East,2024-06-19,New
C0121,Omar Wang,aisha.sharma62@hotmail.com,Central,2024-09-16,New
C0122,Amara Zhang,rahul.johnson89@hotmail.com,East,2023-06-12,New
C0123,Liam Patel,priya.patel47@gmail.com,East,2024-01-08,Returning
C0124,Mei Lee,james.williams32@outlook.com,North,2024-01-17,New
C0125,James Johnson,fatima.khan79@gmail.com,West,2023-10-17,Returning
C0126,Ethan Sharma,chen.wang83@hotmail.com,East,2024-02-01,New
C0127,Priya Brown,sofia.garcia43@hotmail.com,North,2024-02-23,Returning
C0128,Chen Hassan,liam.brown13@outlook.com,Central,2025-03-04,Returning
C0129,Carlos Lopez,amara.nkosi96@yahoo.com,North,2023-12-13,Returning
C0130,Sofia Martinez,noah.davis51@hotmail.com,Central,2024-11-26,Returning
C0131,Rahul Wang,zara.ali76@yahoo.com,West,2024-09-04,New
C0132,Emma Sharma,arjun.gupta4@hotmail.com,East,2023-02-23,Returning
C0133,Emma Nkosi,emma.martinez54@gmail.com,South,2025-03-19,Returning
C0134,Mei Davis,omar.hassan94@yahoo.com,Central,2024-10-08,Returning
C0135,Omar Lee,mei.zhang44@hotmail.com,East,2024-10-24,New
C0136,Carlos Khan,carlos.lopez67@hotmail.com,South,2023-12-09,New
C0137,Sofia Davis,nadia.cohen13@hotmail.com,South,2023-03-09,New
C0138,Sofia Johnson,ethan.lee58@outlook.com,Central,2023-12-04,Returning
C0139,Layla Lee,layla.okonkwo6@gmail.com,East,2023-04-07,Returning
C0140,Rahul Ali,,South,2024-07-25,Returning
C0141,Rahul Johnson,aisha.sharma14@yahoo.com,North,2024-11-25,Returning
C0142,Layla Lopez,rahul.johnson95@yahoo.com,North,2024-01-31,New
C0143,Nadia Cohen,priya.patel71@yahoo.com,East,2023-10-18,Returning
C0144,Chen Johnson,james.williams55@hotmail.com,West,2023-09-16,New
C0145,Nadia Patel,fatima.khan52@yahoo.com,North,2025-01-11,Returning
C0146,Chen Patel,chen.wang85@hotmail.com,Central,2025-05-22,Returning
C0147,Vikram Patel,sofia.garcia95@yahoo.com,East,2024-11-03,Returning
C0148,Liam Martinez,liam.brown55@hotmail.com,South,2024-09-09,Returning
C0149,James Okonkwo,,North,2025-06-13,New
C0150,Liam Okonkwo,noah.davis36@gmail.com,East,2023-06-03,Returning
C0151,Vikram Johnson,zara.ali69@yahoo.com,East,2023-12-08,New
C0152,Vikram Patel,arjun.gupta26@hotmail.com,West,2023-03-25,Returning
C0153,Omar Okonkwo,emma.martinez86@hotmail.com,South,2024-08-19,New
C0154,Layla Cohen,omar.hassan82@outlook.com,South,2024-11-10,Returning
C0155,Zara Nkosi,mei.zhang79@hotmail.com,South,2023-05-25,New
C0156,Sofia Ali,carlos.lopez45@outlook.com,Central,2023-12-25,Returning
C0157,Liam Nkosi,nadia.cohen80@yahoo.com,East,2023-11-14,Returning
C0158,Emma Khan,ethan.lee91@outlook.com,Central,2024-11-02,New
C0159,Noah Zhang,layla.okonkwo76@gmail.com,Central,2024-12-16,New
C0160,Zara Patel,vikram.singh41@gmail.com,East,2024-11-09,New
C0161,Aisha Zhang,aisha.sharma15@yahoo.com,South,2024-02-06,New
C0162,Vikram Okonkwo,rahul.johnson19@hotmail.com,East,2023-05-13,Returning
C0163,James Patel,priya.patel18@hotmail.com,West,2024-09-01,Returning
C0164,Ethan Garcia,james.williams63@yahoo.com,East,2024-12-26,Returning
C0165,Nadia Nkosi,fatima.khan63@outlook.com,East,2023-03-28,New
C0166,Fatima Gupta,chen.wang41@hotmail.com,North,2023-11-14,New
C0167,Priya Brown,sofia.garcia46@gmail.com,West,2024-07-26,Returning
C0168,Arjun Davis,liam.brown25@hotmail.com,North,2024-01-21,Returning
C0169,Chen Zhang,amara.nkosi65@hotmail.com,South,2024-10-20,New
C0170,Ethan Davis,noah.davis63@hotmail.com,South,2025-03-21,New
C0171,Vikram Cohen,zara.ali57@hotmail.com,West,2023-12-03,Returning
C0172,Aisha Lee,arjun.gupta73@gmail.com,Central,2025-04-12,Returning
C0173,Noah Williams,emma.martinez29@outlook.com,East,2023-05-11,Returning
C0174,Fatima Nkosi,,North,2024-11-17,Returning
C0175,James Williams,mei.zhang37@yahoo.com,West,2024-12-20,Returning
C0176,Ethan Khan,carlos.lopez73@hotmail.com,North,2025-04-28,New
C0177,Amara Davis,nadia.cohen15@gmail.com,East,2025-01-26,New
C0178,Vikram Garcia,ethan.lee70@outlook.com,Central,2024-12-02,Returning
C0179,Zara Garcia,layla.okonkwo97@gmail.com,North,2024-06-23,Returning
C0180,Amara Cohen,vikram.singh57@yahoo.com,West,2023-04-06,New
C0181,Carlos Nkosi,aisha.sharma14@yahoo.com,East,2024-10-23,New
C0182,Rahul Patel,rahul.johnson5@hotmail.com,East,2024-11-17,Returning
C0183,Omar Nkosi,priya.patel12@hotmail.com,Central,2024-03-09,New
C0184,Rahul Sharma,james.williams16@yahoo.com,West,2024-06-04,New
C0185,Zara Khan,fatima.khan95@outlook.com,East,2024-01-06,Returning
C0186,Amara Wang,chen.wang79@hotmail.com,North,2023-01-19,Returning
C0187,Mei Lee,sofia.garcia18@yahoo.com,South,2024-01-07,Returning
C0188,Omar Lee,liam.brown8@outlook.com,West,2023-11-13,Returning
C0189,Aisha Williams,amara.nkosi77@yahoo.com,North,2023-07-04,New
C0190,Priya Khan,noah.davis91@outlook.com,Central,2023-08-08,New
C0191,Ethan Johnson,zara.ali35@gmail.com,Central,2023-12-16,Returning
C0192,Arjun Okonkwo,arjun.gupta97@hotmail.com,East,2025-02-23,New
C0193,Ethan Khan,emma.martinez36@yahoo.com,Central,2024-05-12,Returning
C0194,Omar Khan,omar.hassan17@yahoo.com,South,2023-07-16,Returning
C0195,Rahul Davis,mei.zhang42@yahoo.com,North,2023-08-20,Returning
C0196,Arjun Johnson,carlos.lopez87@hotmail.com,West,2023-05-21,Returning
C0197,Arjun Garcia,nadia.cohen74@outlook.com,East,2023-06-08,New
C0198,Liam Williams,ethan.lee49@hotmail.com,West,2023-03-21,Returning
C0199,Arjun Lee,layla.okonkwo99@gmail.com,North,2023-10-30,New
C0200,Omar Singh,vikram.singh96@outlook.com,South,2025-05-14,New
C0201,Fatima Brown,aisha.sharma48@hotmail.com,North,2025-03-18,Returning
C0202,Chen Wang,rahul.johnson42@gmail.com,North,2023-04-14,Returning
C0203,Omar Sharma,priya.patel94@gmail.com,East,2024-06-03,New
C0204,Chen Ali,james.williams59@outlook.com,West,2025-02-28,Returning
C0205,Omar Brown,fatima.khan69@hotmail.com,North,2024-07-06,Returning
C0206,Amara Wang,chen.wang55@yahoo.com,North,2025-05-05,Returning
C0207,James Martinez,sofia.garcia42@outlook.com,South,2025-01-26,New
C0208,Rahul Lopez,liam.brown74@yahoo.com,Central,2025-06-23,New
C0209,Liam Garcia,amara.nkosi63@outlook.com,South,2024-06-23,New
C0210,Mei Gupta,noah.davis98@gmail.com,West,2023-02-08,Returning
C0211,Noah Brown,,West,2024-11-08,Returning
C0212,Liam Sharma,arjun.gupta59@gmail.com,East,2023-12-11,Returning
C0213,Sofia Martinez,emma.martinez21@hotmail.com,Central,2025-06-16,Returning
C0214,Zara Nkosi,omar.hassan55@yahoo.com,West,2025-02-23,New
C0215,Priya Nkosi,mei.zhang17@outlook.com,Central,2024-09-24,New
C0216,Arjun Cohen,carlos.lopez36@gmail.com,South,2023-05-15,Returning
C0217,Emma Lee,nadia.cohen33@gmail.com,West,2024-09-03,New
C0218,Zara Sharma,ethan.lee84@yahoo.com,North,2024-01-21,New
C0219,James Nkosi,layla.okonkwo81@outlook.com,West,2023-06-07,New
C0220,Chen Okonkwo,vikram.singh97@yahoo.com,Central,2023-06-16,New
C0221,Amara Johnson,aisha.sharma12@gmail.com,West,2023-07-05,Returning
C0222,James Singh,,East,2025-05-01,Returning
C0223,Omar Gupta,priya.patel17@yahoo.com,North,2024-12-10,Returning
C0224,Zara Hassan,james.williams57@gmail.com,East,2025-02-28,New
C0225,Vikram Cohen,,South,2024-10-01,New
C0226,James Martinez,chen.wang16@hotmail.com,West,2025-04-08,Returning
C0227,Layla Garcia,sofia.garcia62@gmail.com,West,2023-06-19,Returning
C0228,Amara Johnson,liam.brown12@gmail.com,South,2025-01-08,New
C0229,Omar Sharma,amara.nkosi48@outlook.com,East,2024-03-24,Returning
C0230,Nadia Lee,noah.davis97@yahoo.com,North,2023-02-14,Returning
C0231,Sofia Gupta,zara.ali87@yahoo.com,East,2024-02-25,Returning
C0232,Omar Patel,arjun.gupta73@gmail.com,Central,2024-01-09,Returning
C0233,Zara Singh,emma.martinez22@hotmail.com,East,2024-11-23,Returning
C0234,Zara Williams,omar.hassan28@yahoo.com,North,2025-01-06,Returning
C0235,Noah Cohen,mei.zhang79@hotmail.com,West,2023-09-01,New
C0236,Noah Hassan,carlos.lopez12@gmail.com,East,2024-03-30,Returning
C0237,Zara Martinez,nadia.cohen16@hotmail.com,South,2024-09-17,Returning
C0238,Noah Lee,ethan.lee55@outlook.com,North,2023-10-19,New
C0239,Fatima Garcia,layla.okonkwo32@outlook.com,West,2025-02-09,Returning
C0240,Omar Martinez,vikram.singh32@outlook.com,North,2025-02-05,Returning
C0241,Chen Singh,aisha.sharma89@gmail.com,South,2025-03-13,New
C0242,Layla Davis,rahul.johnson85@outlook.com,Central,2024-04-04,Returning
C0243,Emma Lee,priya.patel78@yahoo.com,North,2023-08-28,Returning
C0244,Aisha Davis,james.williams38@gmail.com,North,2024-06-30,New
C0245,Noah Garcia,fatima.khan31@hotmail.com,East,2023-09-02,New
C0246,Omar Okonkwo,chen.wang31@hotmail.com,South,2023-11-13,Returning
C0247,Vikram Ali,sofia.garcia10@gmail.com,South,2025-04-08,New
C0248,Mei Zhang,liam.brown41@yahoo.com,Central,2025-03-14,Returning
C0249,Mei Garcia,amara.nkosi73@hotmail.com,South,2024-04-25,New
C0250,Nadia Lopez,noah.davis88@yahoo.com,North,2025-05-05,New
C0251,Chen Patel,zara.ali99@gmail.com,Central,2023-07-18,New
C0252,Noah Cohen,,South,2024-01-12,New
C0253,Vikram Ali,emma.martinez34@yahoo.com,Central,2024-11-25,New
C0254,Priya Brown,,South,2024-08-07,New
C0255,Noah Brown,mei.zhang51@outlook.com,South,2024-03-27,Returning
C0256,Sofia Khan,carlos.lopez65@hotmail.com,East,2024-04-17,Returning
C0257,Aisha Johnson,nadia.cohen52@gmail.com,South,2025-02-26,Returning
C0258,Liam Lopez,ethan.lee69@yahoo.com,Central,2023-10-16,New
C0259,Vikram Patel,layla.okonkwo40@gmail.com,North,2025-03-07,Returning
C0260,Mei Hassan,vikram.singh27@yahoo.com,East,2024-01-27,New
C0261,Layla Garcia,aisha.sharma51@gmail.com,South,2024-05-29,Returning
C0262,Emma Lopez,rahul.johnson56@yahoo.com,South,2024-06-24,Returning
C0263,Emma Brown,priya.patel12@hotmail.com,Central,2024-03-04,New
C0264,Fatima Sharma,james.williams79@gmail.com,East,2023-06-15,New
C0265,James Hassan,fatima.khan95@yahoo.com,South,2025-04-16,New
C0266,Liam Wang,chen.wang91@yahoo.com,North,2023-07-24,Returning
C0267,Nadia Zhang,sofia.garcia21@hotmail.com,North,2025-03-31,Returning
C0268,Rahul Lee,liam.brown67@outlook.com,South,2024-09-11,Returning
C0269,Liam Williams,amara.nkosi17@outlook.com,North,2023-05-22,Returning
C0270,Mei Khan,noah.davis16@gmail.com,East,2025-06-12,New
C0271,Mei Cohen,zara.ali55@outlook.com,South,2023-09-14,Returning
C0272,Ethan Singh,arjun.gupta34@gmail.com,Central,2023-02-23,Returning
C0273,Zara Zhang,emma.martinez66@outlook.com,East,2024-10-18,Returning
C0274,Vikram Cohen,omar.hassan73@yahoo.com,North,2024-05-07,Returning
C0275,Omar Lee,mei.zhang33@gmail.com,South,2025-06-14,Returning
C0276,Mei Wang,carlos.lopez87@gmail.com,East,2024-01-16,New
C0277,Carlos Zhang,nadia.cohen66@gmail.com,North,2024-07-21,New
C0278,Amara Brown,,South,2023-04-16,Returning
C0279,Amara Cohen,layla.okonkwo32@gmail.com,West,2024-12-29,Returning
C0280,Carlos Brown,vikram.singh50@yahoo.com,Central,2025-05-16,New
C0281,Amara Zhang,aisha.sharma5@hotmail.com,North,2024-06-12,Returning
C0282,Priya Davis,rahul.johnson32@hotmail.com,North,2025-05-21,Returning
C0283,Liam Nkosi,priya.patel41@outlook.com,West,2023-05-08,New
C0284,Zara Ali,james.williams74@outlook.com,West,2023-10-19,Returning
C0285,Ethan Patel,fatima.khan87@gmail.com,East,2023-03-27,Returning
C0286,Fatima Khan,chen.wang67@gmail.com,Central,2025-02-20,Returning
C0287,Liam Martinez,sofia.garcia9@hotmail.com,Central,2023-06-14,Returning
C0288,Fatima Garcia,liam.brown40@outlook.com,North,2023-10-07,Returning
C0289,Priya Hassan,amara.nkosi59@gmail.com,West,2024-04-05,Returning
C0290,Omar Ali,noah.davis38@outlook.com,Central,2024-06-09,New
C0291,Ethan Zhang,zara.ali32@hotmail.com,South,2023-05-31,Returning
C0292,Omar Johnson,arjun.gupta64@yahoo.com,Central,2025-04-30,Returning
C0293,Sofia Hassan,emma.martinez70@yahoo.com,North,2024-03-23,Returning
C0294,Emma Okonkwo,omar.hassan53@gmail.com,Central,2023-04-04,New
C0295,Aisha Okonkwo,mei.zhang45@gmail.com,East,2023-08-16,Returning
C0296,Emma Lopez,carlos.lopez1@hotmail.com,West,2025-04-16,New
C0297,Aisha Gupta,nadia.cohen94@outlook.com,North,2024-04-06,Returning
C0298,Noah Martinez,ethan.lee68@yahoo.com,North,2025-06-24,New
C0299,Omar Lee,layla.okonkwo8@yahoo.com,West,2023-12-24,Returning
C0300,Ethan Singh,vikram.singh12@gmail.com,West,2023-01-28,Returning
C0301,Liam Lopez,aisha.sharma67@hotmail.com,West,2024-02-29,Returning
C0302,Liam Nkosi,rahul.johnson48@hotmail.com,North,2023-02-24,Returning
C0303,Omar Lopez,priya.patel11@gmail.com,West,2024-02-10,New
C0304,Aisha Martinez,james.williams82@hotmail.com,West,2024-05-29,New
C0305,Zara Martinez,fatima.khan73@gmail.com,North,2024-01-18,Returning
C0306,Chen Zhang,chen.wang17@yahoo.com,North,2023-08-30,Returning
C0307,Fatima Singh,sofia.garcia41@hotmail.com,East,2024-01-31,New
C0308,Ethan Sharma,liam.brown95@outlook.com,Central,2023-03-25,New
C0309,Emma Okonkwo,amara.nkosi35@yahoo.com,South,2024-01-19,New
C0310,Layla Sharma,noah.davis26@yahoo.com,North,2023-08-18,New
C0311,Priya Hassan,zara.ali75@gmail.com,South,2023-01-29,New
C0312,Fatima Zhang,arjun.gupta22@hotmail.com,East,2023-11-23,New
C0313,Chen Johnson,emma.martinez53@gmail.com,Central,2023-04-12,New
C0314,Amara Martinez,omar.hassan99@yahoo.com,Central,2025-05-09,New
C0315,Zara Garcia,mei.zhang60@outlook.com,Central,2025-01-01,New
C0316,Mei Ali,carlos.lopez12@yahoo.com,East,2024-10-27,Returning
C0317,Zara Martinez,nadia.cohen39@gmail.com,West,2023-12-10,Returning
C0318,Amara Hassan,ethan.lee42@yahoo.com,Central,2025-03-21,Returning
C0319,Amara Patel,layla.okonkwo32@outlook.com,Central,2023-05-30,New
C0320,Carlos Sharma,vikram.singh7@outlook.com,East,2023-05-21,New
C0321,Ethan Johnson,aisha.sharma23@gmail.com,West,2023-02-09,New
C0322,Arjun Brown,rahul.johnson58@yahoo.com,Central,2023-10-21,New
C0323,Priya Johnson,priya.patel14@yahoo.com,Central,2025-04-29,Returning
C0324,Aisha Brown,james.williams8@yahoo.com,West,2024-04-28,Returning
C0325,Sofia Sharma,fatima.khan52@outlook.com,North,2024-12-13,Returning
C0326,Vikram Khan,chen.wang83@gmail.com,North,2025-05-01,New
C0327,Liam Khan,sofia.garcia34@gmail.com,Central,2023-05-23,Returning
C0328,Carlos Williams,,South,2025-02-16,Returning
C0329,Layla Garcia,amara.nkosi83@hotmail.com,West,2024-12-23,Returning
C0330,Mei Nkosi,noah.davis12@outlook.com,West,2024-04-25,New
C0331,Arjun Wang,zara.ali60@gmail.com,South,2024-04-04,New
C0332,Vikram Singh,arjun.gupta74@hotmail.com,West,2024-09-22,New
C0333,James Wang,emma.martinez51@hotmail.com,East,2023-01-06,New
C0334,Noah Williams,,West,2023-03-23,New
C0335,Layla Sharma,mei.zhang23@outlook.com,West,2023-01-20,Returning
C0336,Noah Okonkwo,carlos.lopez24@outlook.com,West,2023-09-20,New
C0337,Emma Martinez,nadia.cohen20@gmail.com,North,2023-08-09,New
C0338,Sofia Patel,ethan.lee79@yahoo.com,East,2025-05-05,Returning
C0339,Layla Brown,layla.okonkwo64@hotmail.com,West,2023-06-03,Returning
C0340,James Davis,vikram.singh62@gmail.com,East,2024-07-15,New
C0341,Vikram Williams,aisha.sharma50@yahoo.com,East,2025-01-14,Returning
C0342,Layla Johnson,rahul.johnson83@yahoo.com,East,2024-09-15,New
C0343,Arjun Lee,priya.patel70@gmail.com,South,2024-06-24,New
C0344,Omar Gupta,james.williams92@outlook.com,West,2024-03-09,Returning
C0345,Priya Cohen,fatima.khan63@outlook.com,North,2023-04-24,New
C0346,Zara Sharma,chen.wang65@outlook.com,North,2025-03-05,Returning
C0347,Omar Lopez,sofia.garcia24@gmail.com,North,2023-10-23,Returning
C0348,James Hassan,liam.brown29@gmail.com,North,2023-09-01,Returning
C0349,Arjun Zhang,amara.nkosi36@gmail.com,West,2023-11-05,Returning
C0350,Fatima Hassan,noah.davis61@outlook.com,North,2023-05-05,New
C0351,Chen Cohen,zara.ali30@yahoo.com,East,2023-02-18,Returning
C0352,Amara Singh,arjun.gupta85@yahoo.com,South,2023-09-02,Returning
C0353,Ethan Lopez,emma.martinez95@gmail.com,Central,2024-03-05,New
C0354,Mei Hassan,omar.hassan29@hotmail.com,North,2024-10-16,New
C0355,Layla Nkosi,mei.zhang23@yahoo.com,Central,2025-03-23,Returning
C0356,Zara Brown,carlos.lopez41@outlook.com,Central,2024-09-29,New
C0357,Priya Nkosi,nadia.cohen4@outlook.com,Central,2024-04-13,Returning
C0358,Mei Brown,ethan.lee73@yahoo.com,East,2023-03-06,Returning
C0359,Mei Okonkwo,layla.okonkwo25@hotmail.com,North,2023-04-24,New
C0360,Vikram Martinez,vikram.singh23@hotmail.com,West,2025-05-06,New
C0361,Zara Sharma,,East,2024-05-26,Returning
C0362,Carlos Ali,rahul.johnson78@yahoo.com,West,2024-09-03,Returning
C0363,Chen Lopez,,North,2024-07-02,New
C0364,Sofia Gupta,james.williams43@yahoo.com,East,2023-01-17,New
C0365,Amara Ali,fatima.khan44@yahoo.com,Central,2024-10-09,Returning
C0366,Amara Singh,chen.wang42@gmail.com,East,2024-06-11,Returning
C0367,Amara Lee,,East,2024-08-11,Returning
C0368,Aisha Cohen,liam.brown19@gmail.com,North,2023-09-05,New
C0369,Sofia Patel,amara.nkosi47@gmail.com,Central,2025-01-05,Returning
C0370,Liam Hassan,noah.davis85@hotmail.com,Central,2023-05-28,New
C0371,Carlos Lee,zara.ali44@outlook.com,South,2023-10-26,New
C0372,Liam Lopez,arjun.gupta21@hotmail.com,South,2024-03-15,New
C0373,Carlos Zhang,emma.martinez63@outlook.com,West,2023-01-02,Returning
C0374,Aisha Patel,omar.hassan72@outlook.com,South,2024-09-21,Returning
C0375,Noah Brown,mei.zhang76@yahoo.com,North,2023-12-28,New
C0376,Emma Brown,carlos.lopez94@outlook.com,East,2023-09-04,New
C0377,Noah Okonkwo,nadia.cohen94@gmail.com,Central,2024-08-07,Returning
C0378,Arjun Lopez,ethan.lee74@hotmail.com,East,2024-03-02,Returning
C0379,Ethan Cohen,layla.okonkwo99@gmail.com,North,2023-07-11,New
C0380,Arjun Hassan,vikram.singh41@yahoo.com,East,2024-11-11,Returning
C0381,Ethan Ali,aisha.sharma14@hotmail.com,Central,2024-11-15,Returning
C0382,Arjun Zhang,rahul.johnson96@gmail.com,South,2023-03-29,Returning
C0383,Amara Davis,priya.patel41@yahoo.com,West,2024-06-20,Returning
C0384,Amara Brown,james.williams12@outlook.com,Central,2024-01-05,New
C0385,James Garcia,fatima.khan34@yahoo.com,Central,2023-03-11,Returning
C0386,Zara Williams,chen.wang9@outlook.com,Central,2024-06-22,Returning
C0387,Ethan Wang,sofia.garcia14@gmail.com,Central,2024-07-11,New
C0388,Sofia Garcia,,North,2024-06-03,New
C0389,Carlos Nkosi,amara.nkosi54@yahoo.com,Central,2025-03-16,New
C0390,Layla Cohen,noah.davis64@hotmail.com,East,2024-06-03,Returning
C0391,Vikram Davis,zara.ali49@gmail.com,North,2024-07-21,Returning
C0392,James Garcia,arjun.gupta74@yahoo.com,South,2023-01-21,New
C0393,Noah Brown,emma.martinez10@gmail.com,East,2024-02-04,Returning
C0394,Arjun Wang,omar.hassan41@outlook.com,East,2025-06-13,Returning
C0395,Noah Sharma,mei.zhang10@outlook.com,East,2024-04-26,New
C0396,Ethan Khan,carlos.lopez49@yahoo.com,East,2023-02-14,Returning
C0397,Amara Johnson,nadia.cohen71@gmail.com,North,2024-10-12,Returning
C0398,Rahul Lee,ethan.lee79@hotmail.com,South,2024-02-01,New
C0399,Noah Khan,layla.okonkwo56@yahoo.com,South,2024-01-18,New
C0400,Carlos Williams,vikram.singh56@yahoo.com,Central,2023-09-17,New
C0401,Aisha Okonkwo,aisha.sharma43@yahoo.com,West,2025-02-04,Returning
C0402,Noah Lopez,rahul.johnson53@outlook.com,North,2023-01-17,New
C0403,Carlos Zhang,priya.patel39@yahoo.com,South,2024-01-01,Returning
C0404,Zara Wang,james.williams51@hotmail.com,North,2025-03-18,Returning
C0405,Rahul Nkosi,fatima.khan47@gmail.com,North,2023-03-11,Returning
C0406,Carlos Williams,chen.wang38@hotmail.com,Central,2023-12-20,Returning
C0407,Priya Martinez,sofia.garcia4@yahoo.com,South,2023-09-04,New
C0408,Carlos Patel,liam.brown38@gmail.com,West,2025-01-20,New
C0409,Layla Johnson,amara.nkosi15@outlook.com,West,2024-11-03,New
C0410,Fatima Khan,noah.davis61@hotmail.com,West,2024-10-05,Returning
C0411,Layla Davis,zara.ali34@gmail.com,East,2023-04-17,Returning
C0412,Priya Brown,arjun.gupta50@yahoo.com,South,2025-03-01,New
C0413,James Lee,emma.martinez49@outlook.com,East,2024-08-18,New
C0414,Omar Singh,omar.hassan6@outlook.com,East,2025-01-22,New
C0415,Vikram Singh,mei.zhang34@yahoo.com,East,2025-02-13,New
C0416,Liam Cohen,carlos.lopez73@gmail.com,Central,2023-12-07,New
C0417,Emma Zhang,nadia.cohen90@gmail.com,Central,2023-05-17,New
C0418,Mei Davis,ethan.lee45@hotmail.com,North,2023-02-15,Returning
C0419,Layla Hassan,layla.okonkwo76@yahoo.com,North,2023-12-27,Returning
C0420,Noah Okonkwo,vikram.singh50@hotmail.com,South,2024-07-13,New
C0421,Vikram Johnson,aisha.sharma88@hotmail.com,South,2023-12-13,New
C0422,Vikram Williams,rahul.johnson31@hotmail.com,Central,2025-04-13,Returning
C0423,Sofia Garcia,priya.patel51@gmail.com,North,2024-10-20,New
C0424,Amara Patel,james.williams67@yahoo.com,North,2023-06-29,Returning
C0425,Chen Brown,fatima.khan97@hotmail.com,East,2025-04-30,New
C0426,Chen Lee,chen.wang22@yahoo.com,West,2025-03-08,Returning
C0427,Priya Wang,sofia.garcia17@gmail.com,West,2024-12-02,New
C0428,Aisha Hassan,liam.brown88@hotmail.com,West,2024-04-20,Returning
C0429,Mei Singh,amara.nkosi81@yahoo.com,Central,2024-12-13,Returning
C0430,Carlos Davis,noah.davis34@outlook.com,West,2024-05-05,New
C0431,Rahul Brown,zara.ali9@gmail.com,West,2024-10-08,Returning
C0432,Noah Davis,arjun.gupta51@outlook.com,East,2023-07-06,Returning
C0433,Mei Patel,emma.martinez67@hotmail.com,South,2025-04-10,New
C0434,Liam Nkosi,omar.hassan2@hotmail.com,Central,2023-05-19,Returning
C0435,Layla Garcia,mei.zhang20@yahoo.com,North,2023-03-06,Returning
C0436,Omar Williams,carlos.lopez75@gmail.com,East,2025-01-03,New
C0437,Ethan Brown,nadia.cohen73@gmail.com,West,2025-03-05,New
C0438,Fatima Nkosi,ethan.lee69@outlook.com,North,2024-04-13,New
C0439,Fatima Patel,layla.okonkwo34@hotmail.com,East,2023-02-07,New
C0440,Rahul Wang,vikram.singh74@hotmail.com,Central,2023-10-28,Returning
C0441,Noah Singh,,West,2023-07-26,Returning
C0442,Layla Davis,rahul.johnson19@hotmail.com,Central,2023-02-14,New
C0443,Mei Williams,,East,2025-03-21,New
C0444,Mei Davis,james.williams43@yahoo.com,North,2023-07-24,New
C0445,Emma Nkosi,,South,2025-06-26,Returning
C0446,Nadia Lee,chen.wang35@outlook.com,West,2023-02-12,New
C0447,Carlos Zhang,,Central,2023-11-20,Returning
C0448,Priya Singh,liam.brown39@outlook.com,North,2023-11-14,Returning
C0449,Rahul Hassan,amara.nkosi63@gmail.com,North,2024-06-11,New
C0450,Zara Singh,noah.davis30@yahoo.com,South,2024-02-12,New
C0451,Amara Sharma,zara.ali96@hotmail.com,East,2025-04-14,Returning
C0452,Priya Brown,arjun.gupta42@outlook.com,South,2024-07-10,Returning
C0453,Layla Okonkwo,emma.martinez78@gmail.com,South,2024-04-29,Returning
C0454,Aisha Nkosi,omar.hassan28@hotmail.com,East,2023-09-17,Returning
C0455,Layla Johnson,mei.zhang98@outlook.com,East,2023-02-07,Returning
C0456,Chen Lopez,carlos.lopez66@yahoo.com,East,2025-02-10,Returning
C0457,Nadia Zhang,nadia.cohen91@hotmail.com,North,2024-10-24,New
C0458,Amara Wang,ethan.lee68@gmail.com,North,2023-07-15,New
C0459,Layla Hassan,layla.okonkwo26@gmail.com,West,2023-10-20,Returning
C0460,Carlos Patel,vikram.singh59@gmail.com,West,2024-01-01,New
C0461,Carlos Gupta,aisha.sharma91@yahoo.com,South,2025-06-01,New
C0462,Omar Ali,rahul.johnson60@hotmail.com,South,2025-03-10,Returning
C0463,Zara Williams,priya.patel16@gmail.com,West,2023-02-18,New
C0464,Chen Ali,james.williams63@hotmail.com,Central,2025-06-05,New
C0465,Omar Lopez,fatima.khan61@outlook.com,South,2024-11-02,New
C0466,Noah Martinez,chen.wang34@gmail.com,Central,2023-12-06,New
C0467,Ethan Johnson,sofia.garcia50@gmail.com,Central,2023-10-07,Returning
C0468,Mei Patel,liam.brown74@yahoo.com,East,2023-05-08,Returning
C0469,Zara Nkosi,amara.nkosi83@yahoo.com,North,2025-03-29,Returning
C0470,Zara Williams,noah.davis35@hotmail.com,West,2024-01-12,Returning
C0471,Emma Cohen,zara.ali99@gmail.com,North,2024-03-23,New
C0472,Aisha Lee,arjun.gupta17@yahoo.com,West,2025-06-29,New
C0473,Mei Hassan,emma.martinez2@yahoo.com,North,2024-02-14,Returning
C0474,Rahul Garcia,omar.hassan40@outlook.com,West,2025-01-31,Returning
C0475,Nadia Gupta,mei.zhang49@outlook.com,North,2024-03-26,New
C0476,Vikram Lopez,carlos.lopez28@hotmail.com,East,2024-01-31,Returning
C0477,Mei Johnson,nadia.cohen67@hotmail.com,Central,2023-12-14,New
C0478,Sofia Nkosi,ethan.lee1@outlook.com,West,2023-07-11,New
C0479,Ethan Khan,layla.okonkwo77@outlook.com,Central,2024-05-23,New
C0480,Noah Zhang,vikram.singh14@hotmail.com,West,2024-12-09,Returning
C0481,Carlos Williams,aisha.sharma36@outlook.com,West,2024-05-24,New
C0482,Aisha Singh,rahul.johnson34@outlook.com,East,2024-01-12,New
C0483,Liam Wang,priya.patel67@yahoo.com,North,2025-03-27,New
C0484,Noah Lee,james.williams77@hotmail.com,West,2024-06-15,New
C0485,Aisha Lee,fatima.khan88@yahoo.com,North,2023-10-01,New
C0486,Omar Patel,chen.wang84@hotmail.com,East,2025-03-31,New
C0487,Liam Williams,sofia.garcia34@hotmail.com,South,2023-03-26,Returning
C0488,Mei Williams,liam.brown95@gmail.com,Central,2025-01-14,New
C0489,Fatima Lopez,amara.nkosi74@yahoo.com,West,2024-03-10,New
C0490,Noah Cohen,noah.davis92@yahoo.com,East,2023-03-22,New
C0491,Amara Hassan,zara.ali82@hotmail.com,North,2024-03-16,Returning
C0492,Carlos Lopez,arjun.gupta86@outlook.com,West,2024-09-08,Returning
C0493,Liam Zhang,emma.martinez22@yahoo.com,North,2025-04-22,New
C0494,Ethan Khan,omar.hassan61@yahoo.com,South,2023-07-04,New
C0495,Emma Garcia,mei.zhang93@yahoo.com,West,2024-07-12,New
C0496,Vikram Cohen,carlos.lopez43@gmail.com,Central,2023-10-28,New
C0497,Fatima Patel,nadia.cohen29@outlook.com,West,2023-11-25,Returning
C0498,Amara Hassan,ethan.lee43@outlook.com,Central,2023-04-16,New
C0499,Zara Cohen,layla.okonkwo38@hotmail.com,North,2023-03-23,Returning
C0500,Amara Sharma,vikram.singh61@gmail.com,West,2023-12-02,Returning
